﻿"Date","Description","Amount (USD)"
"Sep 1, 2023","Starting balance","763.20"
"Sep 1, 2023","Automatic payment declined: Visa  • • • • 6895 for $763.20. Insufficient funds. A20172519076791169","0.00"
"Sep 1, 2023","Manual payment declined: Visa  • • • • 6895 for $763.20. Your bank account has been closed. P0UFjGrx","0.00"
"Sep 1, 2023","Manual payment declined: Visa  • • • • 3551 for $763.20. No reason provided by your financial institution. P0UFvSvw","0.00"
"Sep 1, 2023","Manual payment declined: Visa  • • • • 3551 for $763.20. No reason provided by your financial institution. P0UFklJp","0.00"
"Sep 2, 2023","Ending balance","763.20"
